organisation,gender,group,education,tuition,revision,Analytics score,Psychology score,Marketing score
Northride Charter School,female,group B,bachelor's degree,yes,none,72,72,74
Northride Charter School,female,group C,some college,yes,completed,69,90,88
Northride Charter School,female,group B,master's degree,yes,none,90,95,93
Hope University,male,group A,associate's degree,no,none,47,57,44
Northride Charter School,male,group C,some college,yes,none,76,78,75
Northride Charter School,female,group B,associate's degree,yes,none,71,83,78
Hope University,female,group B,some college,yes,completed,88,95,92
Westview Institute,male,group B,some college,no,none,40,43,39
Hope University,male,group D,high school,no,completed,64,64,67
Hope University,female,group B,high school,no,none,38,60,50
Westview Institute,male,group C,associate's degree,yes,none,58,54,52
Hope University,male,group D,associate's degree,yes,none,40,52,43
Sierra School,female,group B,high school,yes,none,65,81,73
Northride Charter School,male,group A,some college,yes,completed,78,72,70
Hope University,female,group A,master's degree,yes,none,50,53,58
Westview Institute,female,group C,some high school,yes,none,69,75,78
Hope University,male,group C,high school,yes,none,88,89,86
Spring Hill Institute,female,group B,some high school,no,none,18,32,28
Hope University,male,group C,master's degree,no,completed,46,42,46
Westview Institute,female,group C,associate's degree,no,none,54,58,61
Hope University,male,group D,high school,yes,none,66,69,63
Sierra School,female,group B,some college,no,completed,65,75,70
Sierra School,male,group D,some college,yes,none,44,54,53
Westview Institute,female,group C,some high school,yes,none,69,73,73
Spring Hill Institute,male,group D,bachelor's degree,no,completed,74,71,80
Hope University,male,group A,master's degree,no,none,73,74,72
Northride Charter School,male,group B,some college,yes,none,69,54,55
Northride Charter School,female,group C,bachelor's degree,yes,none,67,69,75
Hope University,male,group C,high school,yes,none,70,70,65
Spring Hill Institute,female,group D,master's degree,yes,none,62,70,75
Westview Institute,female,group D,some college,yes,none,69,74,74
Hope University,female,group B,some college,yes,none,63,65,61
Spring Hill Institute,female,group E,master's degree,no,none,56,72,65
Westview Institute,male,group D,some college,yes,none,40,42,38
Hope University,male,group E,some college,yes,none,97,87,82
Hope University,male,group E,associate's degree,yes,completed,81,81,79
Hope University,female,group D,associate's degree,yes,none,74,81,83
Westview Institute,female,group D,some high school,no,none,50,64,59
Westview Institute,female,group D,associate's degree,no,completed,75,90,88
Hope University,male,group B,associate's degree,no,none,57,56,57
Sierra School,male,group C,associate's degree,no,none,55,61,54
Hope University,female,group C,associate's degree,yes,none,58,73,68
Westview Institute,female,group B,associate's degree,yes,none,53,58,65
Sierra School,male,group B,some college,no,completed,59,65,66
Northride Charter School,female,group E,associate's degree,no,none,50,56,54
Northride Charter School,male,group B,associate's degree,yes,none,65,54,57
Sierra School,female,group A,associate's degree,yes,completed,55,65,62
Sierra School,female,group C,high school,yes,none,66,71,76
Northride Charter School,female,group D,associate's degree,no,completed,57,74,76
Sierra School,male,group C,high school,yes,completed,82,84,82
Hope University,male,group E,some college,yes,none,53,55,48
Northride Charter School,male,group E,associate's degree,no,completed,77,69,68
Northride Charter School,male,group C,some college,yes,none,53,44,42
Westview Institute,male,group D,high school,yes,none,88,78,75
Northride Charter School,female,group C,some high school,no,completed,71,84,87
Sierra School,female,group C,high school,no,none,33,41,43
Spring Hill Institute,female,group E,associate's degree,yes,completed,82,85,86
Hope University,male,group D,associate's degree,yes,none,52,55,49
Spring Hill Institute,male,group D,some college,yes,completed,58,59,58
Hope University,female,group C,some high school,no,none,0,17,10
Sierra School,male,group E,bachelor's degree,no,completed,79,74,72
Westview Institute,male,group A,some high school,no,none,39,39,34
Sierra School,male,group A,associate's degree,no,none,62,61,55
Hope University,female,group C,associate's degree,yes,none,69,80,71
Hope University,female,group D,some high school,yes,none,59,58,59
Spring Hill Institute,male,group B,some high school,yes,none,67,64,61
Sierra School,male,group D,some high school,no,none,45,37,37
Sierra School,female,group C,some college,yes,none,60,72,74
Northride Charter School,male,group B,associate's degree,no,none,61,58,56
Northride Charter School,female,group C,associate's degree,yes,none,39,64,57
Hope University,female,group D,some college,no,completed,58,63,73
Hope University,male,group D,some college,yes,completed,63,55,63
Spring Hill Institute,female,group A,associate's degree,no,none,41,51,48
Hope University,male,group C,some high school,no,none,61,57,56
Spring Hill Institute,male,group C,some high school,yes,none,49,49,41
Sierra School,male,group B,associate's degree,no,none,44,41,38
Hope University,male,group E,some high school,yes,none,30,26,22
Westview Institute,male,group A,bachelor's degree,yes,completed,80,78,81
Westview Institute,female,group D,some high school,yes,completed,61,74,72
Westview Institute,female,group E,master's degree,yes,none,62,68,68
Hope University,female,group B,associate's degree,yes,none,47,49,50
Hope University,male,group B,high school,no,none,49,45,45
Northride Charter School,male,group A,some college,no,completed,50,47,54
Northride Charter School,male,group E,associate's degree,yes,none,72,64,63
Hope University,male,group D,high school,no,none,42,39,34
Hope University,female,group C,some college,yes,none,73,80,82
Westview Institute,female,group C,some college,no,none,76,83,88
Westview Institute,female,group D,associate's degree,yes,none,71,71,74
Northride Charter School,female,group A,some college,yes,none,58,70,67
Hope University,female,group D,some high school,yes,none,73,86,82
Westview Institute,female,group C,bachelor's degree,yes,none,65,72,74
Hope University,male,group C,high school,no,none,27,34,36
Hope University,male,group C,high school,yes,none,71,79,71
Sierra School,male,group C,associate's degree,no,completed,43,45,50
Spring Hill Institute,female,group B,some college,yes,none,79,86,92
Sierra School,male,group C,associate's degree,no,completed,78,81,82
Sierra School,male,group B,some high school,yes,completed,65,66,62
Hope University,female,group E,some college,yes,completed,63,72,70
Sierra School,female,group D,some college,no,none,58,67,62
Northride Charter School,female,group D,bachelor's degree,yes,none,65,67,62
Northride Charter School,male,group B,some college,yes,none,79,67,67
Sierra School,male,group D,bachelor's degree,yes,completed,68,74,74
Northride Charter School,female,group D,associate's degree,yes,none,85,91,89
Northride Charter School,male,group B,high school,yes,completed,60,44,47
Northride Charter School,male,group C,some college,yes,completed,98,86,90
Sierra School,female,group C,some college,yes,none,58,67,72
Hope University,female,group D,master's degree,yes,none,87,100,100
Sierra School,male,group E,associate's degree,yes,completed,66,63,64
Spring Hill Institute,female,group B,associate's degree,no,none,52,76,70
Hope University,female,group B,some high school,yes,none,70,64,72
Spring Hill Institute,female,group D,associate's degree,no,completed,77,89,98
Sierra School,male,group C,high school,yes,none,62,55,49
Westview Institute,male,group A,associate's degree,yes,none,54,53,47
Sierra School,female,group D,some college,yes,none,51,58,54
Hope University,female,group E,bachelor's degree,yes,completed,99,100,100
Hope University,male,group C,high school,yes,none,84,77,74
Hope University,female,group B,bachelor's degree,no,none,75,85,82
Sierra School,female,group D,bachelor's degree,yes,none,78,82,79
Spring Hill Institute,female,group D,some high school,yes,none,51,63,61
Spring Hill Institute,female,group C,some college,yes,none,55,69,65
Hope University,female,group C,bachelor's degree,yes,completed,79,92,89
Northride Charter School,male,group B,associate's degree,yes,completed,91,89,92
Westview Institute,female,group C,some college,yes,completed,88,93,93
Spring Hill Institute,male,group D,high school,no,none,63,57,56
Northride Charter School,male,group E,some college,yes,none,83,80,73
Westview Institute,female,group B,high school,yes,none,87,95,86
Hope University,male,group B,some high school,yes,none,72,68,67
Sierra School,male,group D,some college,yes,completed,65,77,74
Hope University,male,group D,master's degree,yes,none,82,82,74
Westview Institute,female,group A,bachelor's degree,yes,none,51,49,51
Westview Institute,male,group D,master's degree,yes,none,89,84,82
Sierra School,male,group C,some high school,no,completed,53,37,40
Westview Institute,male,group E,some college,no,completed,87,74,70
Sierra School,female,group C,some college,yes,completed,75,81,84
Sierra School,male,group D,bachelor's degree,no,completed,74,79,75
Westview Institute,male,group C,bachelor's degree,yes,none,58,55,48
Sierra School,male,group B,some high school,yes,completed,51,54,41
Westview Institute,male,group E,high school,yes,none,70,55,56
Westview Institute,female,group C,associate's degree,yes,none,59,66,67
Northride Charter School,male,group D,some college,yes,completed,71,61,69
Northride Charter School,female,group D,some high school,yes,none,76,72,71
Spring Hill Institute,female,group C,some college,no,none,59,62,64
Spring Hill Institute,female,group E,some college,no,completed,42,55,54
Spring Hill Institute,male,group A,high school,yes,none,57,43,47
Westview Institute,male,group D,some college,yes,none,88,73,78
Spring Hill Institute,female,group C,some college,no,none,22,39,33
Spring Hill Institute,male,group B,some high school,yes,none,88,84,75
Spring Hill Institute,male,group C,associate's degree,no,none,73,68,66
Hope University,female,group D,bachelor's degree,yes,completed,68,75,81
Northride Charter School,male,group E,associate's degree,no,completed,100,100,93
Westview Institute,male,group A,some high school,yes,completed,62,67,69
Sierra School,male,group A,bachelor's degree,yes,none,77,67,68
Spring Hill Institute,female,group B,associate's degree,yes,completed,59,70,66
Hope University,male,group D,bachelor's degree,yes,none,54,49,47
Northride Charter School,male,group D,some high school,yes,none,62,67,61
Sierra School,female,group C,some college,yes,completed,70,89,88
Westview Institute,female,group E,high school,no,completed,66,74,78
Northride Charter School,male,group B,some college,no,none,60,60,60
Hope University,female,group B,associate's degree,yes,completed,61,86,87
Spring Hill Institute,male,group D,associate's degree,no,none,66,62,64
Spring Hill Institute,male,group B,associate's degree,no,completed,82,78,74
Spring Hill Institute,female,group E,some college,no,completed,75,88,85
Northride Charter School,male,group B,master's degree,no,none,49,53,52
Hope University,male,group C,high school,yes,none,52,53,49
Spring Hill Institute,female,group E,master's degree,yes,none,81,92,91
Hope University,female,group C,bachelor's degree,yes,completed,96,100,100
Westview Institute,male,group C,high school,no,completed,53,51,51
Westview Institute,female,group B,master's degree,no,completed,58,76,78
Sierra School,female,group B,high school,yes,completed,68,83,78
Northride Charter School,female,group C,some college,no,completed,67,75,70
Hope University,male,group A,high school,yes,completed,72,73,74
Hope University,male,group E,some high school,yes,none,94,88,78
Northride Charter School,female,group D,some college,yes,none,79,86,81
Northride Charter School,female,group C,associate's degree,yes,none,63,67,70
Westview Institute,female,group C,bachelor's degree,no,completed,43,51,54
Hope University,female,group C,master's degree,yes,completed,81,91,87
Spring Hill Institute,female,group B,high school,no,completed,46,54,58
Sierra School,female,group C,associate's degree,yes,completed,71,77,77
Hope University,female,group B,master's degree,no,completed,52,70,62
Spring Hill Institute,female,group D,some high school,yes,completed,97,100,100
Northride Charter School,male,group C,master's degree,no,completed,62,68,75
Hope University,female,group C,some college,no,none,46,64,66
Hope University,female,group E,high school,yes,none,50,50,47
Spring Hill Institute,female,group D,associate's degree,yes,none,65,69,70
Sierra School,male,group C,some high school,no,completed,45,52,49
Northride Charter School,male,group C,associate's degree,no,completed,65,67,65
Northride Charter School,male,group E,high school,yes,none,80,76,65
Northride Charter School,male,group D,some high school,yes,completed,62,66,68
Hope University,male,group B,some high school,no,none,48,52,45
Sierra School,female,group C,bachelor's degree,yes,none,77,88,87
Hope University,female,group E,associate's degree,yes,none,66,65,69
Hope University,male,group D,some college,yes,completed,76,83,79
Westview Institute,female,group B,some high school,yes,none,62,64,66
Westview Institute,male,group D,some college,yes,completed,77,62,62
Spring Hill Institute,female,group C,master's degree,yes,completed,69,84,85
Hope University,male,group D,associate's degree,yes,none,61,55,52
Spring Hill Institute,male,group C,some high school,no,completed,59,69,65
Westview Institute,male,group E,high school,no,none,55,56,51
Hope University,female,group B,some college,no,none,45,53,55
Spring Hill Institute,female,group B,bachelor's degree,no,none,78,79,76
Sierra School,female,group C,associate's degree,yes,completed,67,84,86
Hope University,female,group D,some college,no,none,65,81,77
Westview Institute,male,group C,associate's degree,yes,none,69,77,69
Hope University,female,group B,associate's degree,yes,none,57,69,68
Westview Institute,male,group C,some college,yes,none,59,41,42
Sierra School,male,group D,some high school,yes,completed,74,71,78
Northride Charter School,male,group E,bachelor's degree,yes,none,82,62,62
Sierra School,male,group E,high school,yes,completed,81,80,76
Sierra School,female,group B,some college,no,none,74,81,76
Hope University,female,group B,some college,no,none,58,61,66
Northride Charter School,male,group D,some high school,no,completed,80,79,79
Westview Institute,male,group C,some college,no,none,35,28,27
Spring Hill Institute,female,group C,high school,no,none,42,62,60
Hope University,male,group C,associate's degree,no,completed,60,51,56
Northride Charter School,male,group E,high school,yes,completed,87,91,81
Sierra School,male,group B,some high school,yes,completed,84,83,75
Hope University,female,group E,associate's degree,no,completed,83,86,88
Hope University,female,group C,high school,no,none,34,42,39
Spring Hill Institute,male,group B,high school,no,none,66,77,70
Spring Hill Institute,male,group B,some high school,yes,completed,61,56,56
Spring Hill Institute,female,group D,high school,yes,completed,56,68,74
Westview Institute,male,group B,associate's degree,yes,none,87,85,73
Northride Charter School,female,group C,some high school,no,none,55,65,62
Northride Charter School,male,group D,some high school,yes,none,86,80,75
Sierra School,female,group B,associate's degree,yes,completed,52,66,73
Hope University,female,group E,master's degree,no,none,45,56,54
Sierra School,female,group C,some college,yes,none,72,72,71
Hope University,male,group D,high school,yes,none,57,50,54
Sierra School,male,group A,some high school,no,none,68,72,64
Spring Hill Institute,female,group C,some college,yes,completed,88,95,94
Northride Charter School,male,group D,some college,yes,none,76,64,66
Sierra School,male,group C,associate's degree,yes,none,46,43,42
Spring Hill Institute,female,group B,bachelor's degree,yes,none,67,86,83
Westview Institute,male,group E,some high school,yes,none,92,87,78
Northride Charter School,male,group C,bachelor's degree,yes,completed,83,82,84
Spring Hill Institute,male,group D,associate's degree,yes,none,80,75,77
Northride Charter School,male,group D,bachelor's degree,no,none,63,66,67
Hope University,female,group D,some high school,yes,completed,64,60,74
Sierra School,male,group B,some college,yes,none,54,52,51
Westview Institute,male,group C,associate's degree,yes,none,84,80,80
Northride Charter School,male,group D,high school,no,completed,73,68,66
Spring Hill Institute,female,group E,bachelor's degree,yes,none,80,83,83
Sierra School,female,group D,high school,yes,none,56,52,55
Westview Institute,male,group E,some college,yes,none,59,51,43
Sierra School,male,group D,some high school,yes,none,75,74,69
Sierra School,male,group C,associate's degree,yes,none,85,76,71
Northride Charter School,male,group E,associate's degree,yes,none,89,76,74
Hope University,female,group B,high school,yes,completed,58,70,68
Sierra School,female,group B,high school,yes,none,65,64,62
Spring Hill Institute,male,group C,high school,yes,none,68,60,53
Westview Institute,male,group A,some high school,yes,completed,47,49,49
Hope University,female,group D,some college,no,none,71,83,83
Spring Hill Institute,female,group B,some high school,yes,completed,60,70,70
Hope University,male,group D,master's degree,yes,none,80,80,72
Hope University,male,group D,high school,yes,none,54,52,52
Sierra School,female,group E,some college,yes,none,62,73,70
Hope University,female,group C,associate's degree,no,none,64,73,68
Hope University,male,group C,associate's degree,yes,completed,78,77,77
Hope University,female,group B,some college,yes,none,70,75,78
Hope University,female,group C,master's degree,no,completed,65,81,81
Westview Institute,female,group C,some high school,no,completed,64,79,77
Hope University,male,group C,some college,yes,completed,79,79,78
Hope University,female,group C,some high school,no,none,44,50,51
Hope University,female,group E,high school,yes,none,99,93,90
Hope University,male,group D,high school,yes,none,76,73,68
Spring Hill Institute,male,group D,some high school,no,none,59,42,41
Sierra School,female,group C,bachelor's degree,yes,none,63,75,81
Hope University,female,group D,high school,yes,none,69,72,77
Spring Hill Institute,female,group D,associate's degree,yes,completed,88,92,95
Hope University,female,group E,some college,no,none,71,76,70
Hope University,male,group C,bachelor's degree,yes,none,69,63,61
Sierra School,male,group C,some college,yes,none,58,49,42
Spring Hill Institute,female,group D,associate's degree,no,none,47,53,58
Westview Institute,female,group D,some college,yes,none,65,70,71
Hope University,male,group B,some college,yes,completed,88,85,76
Sierra School,male,group C,bachelor's degree,yes,none,83,78,73
Sierra School,female,group C,some high school,yes,completed,85,92,93
Sierra School,female,group E,high school,yes,completed,59,63,75
Sierra School,female,group C,some high school,no,none,65,86,80
Westview Institute,male,group B,bachelor's degree,no,none,73,56,57
Sierra School,male,group D,high school,yes,none,53,52,42
Westview Institute,male,group D,high school,yes,none,45,48,46
Hope University,female,group D,bachelor's degree,no,none,73,79,84
Hope University,female,group D,some college,no,completed,70,78,78
Spring Hill Institute,female,group B,some high school,yes,none,37,46,46
Hope University,male,group B,associate's degree,yes,completed,81,82,82
Hope University,male,group E,associate's degree,yes,completed,97,82,88
Sierra School,female,group B,some high school,yes,none,67,89,82
Hope University,male,group B,bachelor's degree,no,none,88,75,76
Sierra School,male,group E,some high school,yes,completed,77,76,77
Hope University,male,group C,associate's degree,yes,none,76,70,68
Westview Institute,male,group D,some high school,yes,none,86,73,70
Northride Charter School,male,group C,some high school,yes,completed,63,60,57
Spring Hill Institute,female,group E,bachelor's degree,yes,none,65,73,75
Sierra School,male,group D,high school,no,completed,78,77,80
Hope University,male,group B,associate's degree,no,none,67,62,60
Hope University,male,group A,some high school,yes,completed,46,41,43
Hope University,male,group E,associate's degree,yes,completed,71,74,68
Westview Institute,male,group C,high school,no,completed,40,46,50
Sierra School,male,group D,associate's degree,no,none,90,87,75
Westview Institute,male,group A,some college,no,completed,81,78,81
Northride Charter School,male,group D,some high school,no,none,56,54,52
Sierra School,female,group C,associate's degree,yes,completed,67,84,81
Hope University,male,group B,associate's degree,yes,none,80,76,64
Hope University,female,group C,associate's degree,yes,completed,74,75,83
Sierra School,male,group A,some college,yes,none,69,67,69
Hope University,male,group E,some college,yes,completed,99,87,81
Sierra School,male,group C,some high school,yes,none,51,52,44
Westview Institute,female,group B,associate's degree,no,none,53,71,67
Spring Hill Institute,female,group D,high school,no,none,49,57,52
Westview Institute,female,group B,associate's degree,yes,none,73,76,80
Hope University,male,group B,bachelor's degree,yes,none,66,60,57
Northride Charter School,male,group D,bachelor's degree,yes,completed,67,61,68
Spring Hill Institute,female,group C,associate's degree,no,completed,68,67,69
Westview Institute,female,group C,bachelor's degree,yes,completed,59,64,75
Spring Hill Institute,male,group C,high school,yes,none,71,66,65
Sierra School,female,group D,master's degree,yes,completed,77,82,91
Northride Charter School,male,group C,associate's degree,yes,none,83,72,78
Sierra School,male,group B,bachelor's degree,yes,none,63,71,69
Spring Hill Institute,female,group D,associate's degree,no,none,56,65,63
Westview Institute,female,group C,high school,no,completed,67,79,84
Westview Institute,female,group E,high school,yes,none,75,86,79
Westview Institute,female,group C,some college,yes,none,71,81,80
Spring Hill Institute,female,group C,some high school,no,none,43,53,53
Westview Institute,female,group C,high school,no,none,41,46,43
Spring Hill Institute,female,group C,some college,yes,none,82,90,94
Northride Charter School,male,group C,some college,yes,none,61,61,62
Westview Institute,male,group A,some college,no,none,28,23,19
Spring Hill Institute,male,group C,associate's degree,yes,completed,82,75,77
Spring Hill Institute,female,group B,some high school,yes,none,41,55,51
Sierra School,male,group C,high school,yes,none,71,60,61
Northride Charter School,male,group C,associate's degree,yes,none,47,37,35
Westview Institute,male,group E,associate's degree,yes,completed,62,56,53
Spring Hill Institute,male,group B,associate's degree,yes,none,90,78,81
Spring Hill Institute,female,group C,bachelor's degree,yes,none,83,93,95
Northride Charter School,female,group B,some college,no,none,61,68,66
Spring Hill Institute,male,group D,some high school,yes,completed,76,70,69
Northride Charter School,male,group C,associate's degree,yes,none,49,51,43
Sierra School,female,group B,some high school,no,none,24,38,27
Spring Hill Institute,female,group D,some high school,no,completed,35,55,60
Sierra School,male,group C,high school,no,none,58,61,52
Westview Institute,female,group C,high school,yes,none,61,73,63
Spring Hill Institute,female,group B,high school,yes,completed,69,76,74
Northride Charter School,male,group D,associate's degree,yes,completed,67,72,67
Spring Hill Institute,male,group D,some college,yes,none,79,73,67
Westview Institute,female,group C,high school,yes,none,72,80,75
Spring Hill Institute,male,group B,some college,yes,none,62,61,57
Sierra School,female,group C,bachelor's degree,yes,completed,77,94,95
Westview Institute,male,group D,high school,no,none,75,74,66
Northride Charter School,male,group E,associate's degree,yes,none,87,74,76
Sierra School,female,group B,bachelor's degree,yes,none,52,65,69
Westview Institute,male,group E,some college,yes,none,66,57,52
Northride Charter School,female,group C,some college,yes,completed,63,78,80
Westview Institute,female,group C,associate's degree,yes,none,46,58,57
Sierra School,female,group C,some college,yes,none,59,71,70
Westview Institute,female,group B,bachelor's degree,yes,none,61,72,70
Northride Charter School,male,group A,associate's degree,yes,none,63,61,61
Northride Charter School,female,group C,some college,no,completed,42,66,69
Northride Charter School,male,group D,some college,no,none,59,62,61
Spring Hill Institute,female,group D,some college,yes,none,80,90,89
Northride Charter School,female,group B,high school,yes,none,58,62,59
Sierra School,male,group B,some high school,yes,completed,85,84,78
Sierra School,female,group C,some college,yes,none,52,58,58
Westview Institute,female,group D,some high school,no,none,27,34,32
Spring Hill Institute,male,group C,some college,yes,none,59,60,58
Northride Charter School,male,group A,bachelor's degree,no,completed,49,58,60
Spring Hill Institute,male,group C,high school,yes,completed,69,58,53
Spring Hill Institute,male,group C,bachelor's degree,no,none,61,66,61
Spring Hill Institute,female,group A,some high school,no,none,44,64,58
Westview Institute,female,group D,some high school,yes,none,73,84,85
Sierra School,male,group E,some college,yes,none,84,77,71
Westview Institute,female,group C,some college,no,completed,45,73,70
Spring Hill Institute,male,group D,some high school,yes,none,74,74,72
Westview Institute,female,group D,some college,yes,completed,82,97,96
Westview Institute,female,group D,bachelor's degree,yes,none,59,70,73
Spring Hill Institute,male,group E,associate's degree,no,none,46,43,41
Sierra School,female,group D,some high school,yes,none,80,90,82
Spring Hill Institute,female,group D,master's degree,no,completed,85,95,100
Sierra School,female,group A,some high school,yes,none,71,83,77
Westview Institute,male,group A,bachelor's degree,yes,none,66,64,62
Sierra School,female,group B,associate's degree,yes,none,80,86,83
Westview Institute,male,group C,associate's degree,yes,completed,87,100,95
Spring Hill Institute,male,group C,master's degree,no,none,79,81,71
Northride Charter School,female,group E,some high school,no,none,38,49,45
Northride Charter School,female,group A,some high school,no,none,38,43,43
Northride Charter School,female,group E,some college,yes,none,67,76,75
Northride Charter School,female,group E,bachelor's degree,yes,none,64,73,70
Sierra School,female,group C,associate's degree,no,none,57,78,67
Spring Hill Institute,female,group D,high school,yes,none,62,64,64
Sierra School,male,group D,master's degree,yes,none,73,70,75
Northride Charter School,male,group E,some high school,no,completed,73,67,59
Spring Hill Institute,female,group D,some college,yes,none,77,68,77
Westview Institute,male,group E,some college,yes,none,76,67,67
Spring Hill Institute,male,group C,associate's degree,yes,completed,57,54,56
Sierra School,female,group C,some high school,yes,completed,65,74,77
Westview Institute,male,group A,high school,no,none,48,45,41
Northride Charter School,female,group B,high school,no,none,50,67,63
Westview Institute,female,group C,associate's degree,yes,none,85,89,95
Sierra School,male,group B,some high school,yes,none,74,63,57
Sierra School,male,group D,some high school,yes,none,60,59,54
Westview Institute,female,group C,some high school,yes,completed,59,54,67
Sierra School,male,group A,some college,yes,none,53,43,43
Sierra School,female,group A,some college,no,none,49,65,55
Northride Charter School,female,group D,high school,yes,completed,88,99,100
Spring Hill Institute,female,group C,high school,yes,none,54,59,62
Northride Charter School,female,group C,some high school,yes,none,63,73,68
Westview Institute,male,group B,associate's degree,yes,completed,65,65,63
Sierra School,female,group B,associate's degree,yes,none,82,80,77
Sierra School,female,group D,high school,no,completed,52,57,56
Northride Charter School,male,group D,associate's degree,yes,completed,87,84,85
Westview Institute,female,group D,master's degree,yes,completed,70,71,74
Spring Hill Institute,male,group E,some college,yes,completed,84,83,78
Spring Hill Institute,male,group D,associate's degree,yes,none,71,66,60
Northride Charter School,male,group B,some high school,yes,completed,63,67,67
Westview Institute,female,group C,bachelor's degree,no,completed,51,72,79
Westview Institute,male,group E,high school,yes,none,84,73,69
Westview Institute,male,group C,bachelor's degree,yes,completed,71,74,68
Spring Hill Institute,male,group C,associate's degree,yes,none,74,73,67
Northride Charter School,male,group D,some college,yes,none,68,59,62
Westview Institute,male,group E,high school,no,completed,57,56,54
Westview Institute,female,group C,associate's degree,no,completed,82,93,93
Sierra School,female,group D,high school,yes,completed,57,58,64
Spring Hill Institute,female,group D,master's degree,no,completed,47,58,67
Sierra School,female,group A,some high school,yes,completed,59,85,80
Spring Hill Institute,male,group B,some college,no,none,41,39,34
Spring Hill Institute,female,group C,some college,no,none,62,67,62
Westview Institute,male,group C,bachelor's degree,yes,none,86,83,86
Spring Hill Institute,male,group C,some high school,no,none,69,71,65
Spring Hill Institute,male,group A,some high school,no,none,65,59,53
Sierra School,male,group C,some high school,no,none,68,63,54
Northride Charter School,male,group C,associate's degree,no,none,64,66,59
Spring Hill Institute,female,group C,high school,yes,none,61,72,70
Sierra School,male,group C,high school,yes,none,61,56,55
Sierra School,female,group A,some high school,no,none,47,59,50
Sierra School,male,group C,some high school,yes,none,73,66,66
Westview Institute,male,group C,some college,no,completed,50,48,53
Northride Charter School,male,group D,associate's degree,yes,none,75,68,64
Sierra School,male,group D,associate's degree,no,none,75,66,73
Sierra School,male,group C,high school,yes,none,70,56,51
Sierra School,male,group D,some high school,yes,completed,89,88,82
Spring Hill Institute,female,group C,some college,yes,completed,67,81,79
Westview Institute,female,group D,high school,yes,none,78,81,80
Westview Institute,female,group A,some high school,no,none,59,73,69
Sierra School,female,group B,associate's degree,yes,none,73,83,76
Spring Hill Institute,male,group A,some high school,no,none,79,82,73
Westview Institute,female,group C,some high school,yes,completed,67,74,77
Spring Hill Institute,male,group D,some college,no,none,69,66,60
Northride Charter School,male,group C,high school,yes,completed,86,81,80
Spring Hill Institute,male,group B,high school,yes,none,47,46,42
Sierra School,male,group B,associate's degree,yes,none,81,73,72
Sierra School,female,group C,some college,no,completed,64,85,85
Sierra School,female,group E,some college,yes,none,100,92,97
Sierra School,female,group C,associate's degree,no,none,65,77,74
Sierra School,male,group C,some college,no,none,65,58,49
Westview Institute,female,group C,associate's degree,no,none,53,61,62
Spring Hill Institute,male,group C,bachelor's degree,no,none,37,56,47
Spring Hill Institute,female,group D,bachelor's degree,yes,none,79,89,89
Northride Charter School,male,group D,associate's degree,no,none,53,54,48
Westview Institute,female,group E,bachelor's degree,yes,none,100,100,100
Northride Charter School,male,group B,high school,yes,completed,72,65,68
Spring Hill Institute,male,group C,bachelor's degree,no,none,53,58,55
Spring Hill Institute,male,group B,some college,no,none,54,54,45
Sierra School,female,group E,some college,yes,none,71,70,76
Spring Hill Institute,female,group C,some college,no,none,77,90,91
Sierra School,male,group A,bachelor's degree,yes,completed,75,58,62
Spring Hill Institute,female,group C,some college,yes,none,84,87,91
Westview Institute,female,group D,associate's degree,no,none,26,31,38
Sierra School,male,group A,high school,no,completed,72,67,65
Spring Hill Institute,female,group A,high school,no,completed,77,88,85
Spring Hill Institute,male,group C,some college,yes,none,91,74,76
Spring Hill Institute,female,group C,associate's degree,yes,completed,83,85,90
Spring Hill Institute,female,group C,high school,yes,none,63,69,74
Northride Charter School,female,group C,associate's degree,yes,completed,68,86,84
Sierra School,female,group D,some high school,yes,none,59,67,61
Spring Hill Institute,female,group B,associate's degree,yes,completed,90,90,91
Westview Institute,female,group D,bachelor's degree,yes,completed,71,76,83
Northride Charter School,male,group E,bachelor's degree,yes,completed,76,62,66
Northride Charter School,male,group D,associate's degree,yes,none,80,68,72
Westview Institute,female,group D,master's degree,yes,none,55,64,70
Sierra School,male,group E,associate's degree,yes,none,76,71,67
Spring Hill Institute,male,group B,high school,yes,completed,73,71,68
Spring Hill Institute,female,group D,associate's degree,no,none,52,59,56
Sierra School,male,group C,some college,no,none,68,68,61
Spring Hill Institute,male,group A,high school,yes,none,59,52,46
Westview Institute,female,group B,associate's degree,yes,none,49,52,54
Sierra School,male,group C,high school,yes,none,70,74,71
Spring Hill Institute,male,group D,some college,no,none,61,47,56
Sierra School,female,group C,associate's degree,no,none,60,75,74
Sierra School,male,group B,some high school,yes,completed,64,53,57
Spring Hill Institute,male,group A,associate's degree,no,completed,79,82,82
Spring Hill Institute,female,group A,associate's degree,no,none,65,85,76
Westview Institute,female,group C,associate's degree,yes,none,64,64,70
Sierra School,female,group C,some college,yes,none,83,83,90
Northride Charter School,female,group C,bachelor's degree,yes,none,81,88,90
Westview Institute,female,group B,high school,yes,none,54,64,68
Spring Hill Institute,male,group D,high school,yes,completed,68,64,66
Northride Charter School,female,group C,some college,yes,none,54,48,52
Sierra School,female,group D,some college,no,completed,59,78,76
Westview Institute,female,group B,some high school,yes,none,66,69,68
Westview Institute,male,group E,some college,yes,none,76,71,72
Spring Hill Institute,female,group D,master's degree,yes,none,74,79,82
Sierra School,female,group B,associate's degree,yes,completed,94,87,92
Sierra School,male,group C,some college,no,none,63,61,54
Northride Charter School,female,group E,associate's degree,yes,completed,95,89,92
Sierra School,female,group D,master's degree,no,none,40,59,54
Spring Hill Institute,female,group B,some high school,yes,none,82,82,80
Spring Hill Institute,male,group A,high school,yes,none,68,70,66
Westview Institute,male,group B,bachelor's degree,no,none,55,59,54
Sierra School,male,group C,master's degree,yes,none,79,78,77
Northride Charter School,female,group C,bachelor's degree,yes,none,86,92,87
Sierra School,male,group D,some college,yes,none,76,71,73
Westview Institute,male,group A,some high school,yes,none,64,50,43
Westview Institute,male,group D,some high school,no,none,62,49,52
Spring Hill Institute,female,group B,some high school,yes,completed,54,61,62
Northride Charter School,female,group B,master's degree,no,completed,77,97,94
Sierra School,female,group C,some high school,yes,completed,76,87,85
Spring Hill Institute,female,group D,some college,yes,none,74,89,84
Spring Hill Institute,female,group E,some college,yes,completed,66,74,73
Westview Institute,female,group D,some high school,yes,completed,66,78,78
Sierra School,female,group B,high school,no,completed,67,78,79
Northride Charter School,male,group D,some college,yes,none,71,49,52
Sierra School,female,group C,associate's degree,yes,none,91,86,84
Westview Institute,male,group D,bachelor's degree,yes,none,69,58,57
Northride Charter School,male,group C,master's degree,no,none,54,59,50
Northride Charter School,male,group C,high school,yes,completed,53,52,49
Northride Charter School,male,group E,some college,yes,none,68,60,59
Sierra School,male,group C,some high school,no,completed,56,61,60
Spring Hill Institute,female,group C,high school,no,none,36,53,43
Northride Charter School,female,group D,bachelor's degree,no,none,29,41,47
Spring Hill Institute,female,group C,associate's degree,yes,none,62,74,70
Spring Hill Institute,female,group C,associate's degree,yes,completed,68,67,73
Northride Charter School,female,group C,some high school,yes,none,47,54,53
Sierra School,male,group E,associate's degree,yes,completed,62,61,58
Northride Charter School,female,group E,associate's degree,yes,completed,79,88,94
Northride Charter School,male,group B,high school,yes,completed,73,69,68
Northride Charter School,female,group C,bachelor's degree,no,completed,66,83,83
Spring Hill Institute,male,group C,associate's degree,yes,completed,51,60,58
Sierra School,female,group D,high school,yes,none,51,66,62
Sierra School,male,group E,bachelor's degree,yes,completed,85,66,71
Westview Institute,male,group A,associate's degree,yes,completed,97,92,86
Spring Hill Institute,male,group C,high school,yes,completed,75,69,68
Sierra School,male,group D,associate's degree,no,completed,79,82,80
Westview Institute,female,group C,associate's degree,yes,none,81,77,79
Sierra School,female,group D,associate's degree,yes,none,82,95,89
Spring Hill Institute,female,group D,master's degree,yes,none,64,63,66
Sierra School,male,group E,some high school,no,completed,78,83,80
Northride Charter School,female,group A,some high school,yes,completed,92,100,97
Northride Charter School,male,group C,high school,yes,completed,72,67,64
Westview Institute,female,group C,high school,no,none,62,67,64
Westview Institute,male,group C,master's degree,yes,none,79,72,69
Westview Institute,male,group C,some high school,no,none,79,76,65
Westview Institute,male,group B,bachelor's degree,no,completed,87,90,88
Spring Hill Institute,female,group B,associate's degree,yes,none,40,48,50
Northride Charter School,male,group D,some college,no,none,77,62,64
Sierra School,male,group E,associate's degree,yes,none,53,45,40
Spring Hill Institute,female,group C,some college,no,none,32,39,33
Spring Hill Institute,female,group C,associate's degree,yes,completed,55,72,79
Westview Institute,male,group C,master's degree,no,none,61,67,66
Spring Hill Institute,female,group B,associate's degree,no,none,53,70,70
Spring Hill Institute,male,group D,some high school,yes,none,73,66,62
Northride Charter School,female,group D,some college,yes,completed,74,75,79
Northride Charter School,female,group C,some college,yes,none,63,74,74
Sierra School,male,group C,bachelor's degree,yes,completed,96,90,92
Westview Institute,female,group D,some college,no,completed,63,80,80
Sierra School,male,group B,bachelor's degree,no,none,48,51,46
Northride Charter School,male,group B,associate's degree,yes,none,48,43,45
Spring Hill Institute,female,group E,bachelor's degree,no,completed,92,100,100
Northride Charter School,female,group D,master's degree,no,completed,61,71,78
Northride Charter School,male,group B,high school,no,none,63,48,47
Northride Charter School,male,group D,bachelor's degree,no,none,68,68,67
Sierra School,male,group B,some college,yes,completed,71,75,70
Spring Hill Institute,male,group A,bachelor's degree,yes,none,91,96,92
Spring Hill Institute,female,group C,some college,yes,none,53,62,56
Sierra School,female,group C,high school,no,completed,50,66,64
Sierra School,female,group E,high school,yes,none,74,81,71
Spring Hill Institute,male,group A,associate's degree,no,completed,40,55,53
Westview Institute,male,group A,some college,yes,completed,61,51,52
Sierra School,female,group B,high school,yes,none,81,91,89
Westview Institute,female,group B,some college,no,completed,48,56,58
Westview Institute,female,group D,master's degree,yes,none,53,61,68
Spring Hill Institute,female,group D,some high school,yes,none,81,97,96
Westview Institute,female,group E,some high school,yes,none,77,79,80
Spring Hill Institute,female,group D,bachelor's degree,no,none,63,73,78
Northride Charter School,female,group D,associate's degree,yes,completed,73,75,80
Sierra School,female,group D,some college,yes,none,69,77,77
Northride Charter School,female,group C,associate's degree,yes,none,65,76,76
Sierra School,female,group A,high school,yes,none,55,73,73
Sierra School,female,group C,bachelor's degree,no,none,44,63,62
Spring Hill Institute,female,group C,some college,yes,none,54,64,65
Sierra School,female,group A,some high school,yes,none,48,66,65
Northride Charter School,male,group C,some college,no,none,58,57,54
Northride Charter School,male,group A,some high school,yes,none,71,62,50
Westview Institute,male,group E,bachelor's degree,yes,none,68,68,64
Sierra School,female,group E,high school,yes,none,74,76,73
Sierra School,female,group C,bachelor's degree,yes,completed,92,100,99
Northride Charter School,female,group C,bachelor's degree,yes,completed,56,79,72
Sierra School,male,group B,high school,no,none,30,24,15
Spring Hill Institute,male,group A,some high school,yes,none,53,54,48
Spring Hill Institute,female,group D,high school,yes,none,69,77,73
Spring Hill Institute,female,group D,some high school,yes,none,65,82,81
Sierra School,female,group D,master's degree,yes,none,54,60,63
Sierra School,female,group C,high school,yes,none,29,29,30
Sierra School,female,group E,some college,yes,none,76,78,80
Sierra School,male,group D,high school,no,none,60,57,51
Sierra School,male,group D,master's degree,no,completed,84,89,90
Northride Charter School,male,group C,some high school,yes,none,75,72,62
Sierra School,female,group C,associate's degree,yes,none,85,84,82
Sierra School,female,group C,master's degree,no,none,40,58,54
Sierra School,female,group E,some college,yes,none,61,64,62
Spring Hill Institute,female,group B,associate's degree,yes,none,58,63,65
Westview Institute,male,group D,some college,no,completed,69,60,63
Spring Hill Institute,female,group C,some college,yes,none,58,59,66
Northride Charter School,male,group C,bachelor's degree,yes,completed,94,90,91
Spring Hill Institute,female,group C,associate's degree,yes,none,65,77,74
Westview Institute,female,group A,associate's degree,yes,none,82,93,93
Northride Charter School,female,group C,high school,yes,none,60,68,72
Spring Hill Institute,female,group E,bachelor's degree,yes,none,37,45,38
Sierra School,male,group D,bachelor's degree,yes,none,88,78,83
Westview Institute,male,group D,master's degree,yes,none,95,81,84
Northride Charter School,male,group C,associate's degree,no,completed,65,73,68
Westview Institute,female,group C,high school,no,none,35,61,54
Northride Charter School,male,group B,bachelor's degree,no,none,62,63,56
Westview Institute,male,group C,high school,no,completed,58,51,52
Sierra School,male,group A,some college,yes,completed,100,96,86
Sierra School,female,group E,bachelor's degree,no,none,61,58,62
Westview Institute,male,group D,some college,yes,completed,100,97,99
Spring Hill Institute,male,group B,associate's degree,no,completed,69,70,63
Northride Charter School,male,group D,associate's degree,yes,none,61,48,46
Spring Hill Institute,male,group D,some college,no,none,49,57,46
Northride Charter School,female,group C,some high school,yes,completed,44,51,55
Spring Hill Institute,male,group D,some college,yes,none,67,64,70
Sierra School,male,group B,high school,yes,none,79,60,65
Spring Hill Institute,female,group B,bachelor's degree,yes,completed,66,74,81
Northride Charter School,female,group C,high school,yes,none,75,88,85
Spring Hill Institute,male,group D,some high school,yes,none,84,84,80
Sierra School,male,group A,high school,yes,none,71,74,64
Westview Institute,female,group B,high school,no,completed,67,80,81
Westview Institute,female,group D,some high school,yes,completed,80,92,88
Sierra School,male,group E,some college,yes,none,86,76,74
Sierra School,female,group D,associate's degree,yes,none,76,74,73
Sierra School,male,group D,high school,yes,none,41,52,51
Westview Institute,female,group D,associate's degree,no,completed,74,88,90
Northride Charter School,female,group B,some high school,no,none,72,81,79
Sierra School,female,group E,high school,yes,completed,74,79,80
Northride Charter School,male,group B,high school,yes,none,70,65,60
Northride Charter School,female,group B,bachelor's degree,yes,completed,65,81,81
Westview Institute,female,group D,associate's degree,yes,none,59,70,65
Westview Institute,female,group E,high school,no,none,64,62,68
Spring Hill Institute,female,group B,high school,yes,none,50,53,55
Sierra School,female,group D,some college,yes,completed,69,79,81
Spring Hill Institute,male,group C,some high school,no,completed,51,56,53
Spring Hill Institute,female,group A,high school,yes,completed,68,80,76
Sierra School,female,group D,some college,yes,completed,85,86,98
Westview Institute,female,group A,associate's degree,yes,completed,65,70,74
Spring Hill Institute,female,group B,some high school,yes,none,73,79,79
Northride Charter School,female,group B,some college,yes,none,62,67,67
Sierra School,male,group C,associate's degree,no,none,77,67,64
Westview Institute,male,group D,some high school,yes,none,69,66,61
Sierra School,female,group D,associate's degree,no,none,43,60,58
Sierra School,male,group D,associate's degree,yes,none,90,87,85
Westview Institute,male,group C,some college,no,none,74,77,73
Sierra School,male,group C,some high school,yes,none,73,66,63
Northride Charter School,female,group D,some college,no,none,55,71,69
Westview Institute,female,group C,high school,yes,none,65,69,67
Spring Hill Institute,male,group D,associate's degree,yes,none,80,63,63
Spring Hill Institute,female,group C,some high school,no,completed,50,60,60
Spring Hill Institute,female,group C,some college,no,completed,63,73,71
Westview Institute,female,group B,bachelor's degree,no,none,77,85,87
Sierra School,male,group C,some college,yes,none,73,74,61
Spring Hill Institute,male,group D,associate's degree,yes,completed,81,72,77
Sierra School,female,group C,high school,no,none,66,76,68
Northride Charter School,male,group D,associate's degree,no,none,52,57,50
Northride Charter School,female,group C,some college,yes,none,69,78,76
Northride Charter School,female,group C,associate's degree,yes,completed,65,84,84
Northride Charter School,female,group D,high school,yes,completed,69,77,78
Sierra School,female,group B,some college,yes,completed,50,64,66
Westview Institute,female,group E,some college,yes,completed,73,78,76
Westview Institute,female,group C,some high school,yes,completed,70,82,76
Northride Charter School,male,group D,associate's degree,no,none,81,75,78
Westview Institute,male,group D,some college,no,none,63,61,60
Northride Charter School,female,group D,high school,yes,none,67,72,74
Westview Institute,male,group B,high school,yes,none,60,68,60
Westview Institute,male,group B,high school,yes,none,62,55,54
Spring Hill Institute,female,group C,some high school,no,completed,29,40,44
Northride Charter School,male,group B,some college,yes,completed,62,66,68
Northride Charter School,female,group E,master's degree,yes,completed,94,99,100
Spring Hill Institute,male,group E,some college,yes,completed,85,75,68
Spring Hill Institute,male,group D,associate's degree,no,none,77,78,73
Sierra School,male,group A,high school,no,none,53,58,44
Sierra School,male,group E,some college,no,none,93,90,83
Sierra School,female,group C,associate's degree,yes,none,49,53,53
Spring Hill Institute,female,group E,associate's degree,no,none,73,76,78
Spring Hill Institute,female,group C,bachelor's degree,no,completed,66,74,81
Spring Hill Institute,female,group D,associate's degree,yes,none,77,77,73
Spring Hill Institute,female,group C,some high school,yes,none,49,63,56
Westview Institute,female,group D,some college,no,none,79,89,86
Westview Institute,female,group C,associate's degree,yes,completed,75,82,90
Sierra School,female,group A,bachelor's degree,yes,none,59,72,70
Sierra School,female,group D,associate's degree,yes,completed,57,78,79
Westview Institute,male,group C,high school,no,none,66,66,59
Westview Institute,female,group E,bachelor's degree,yes,completed,79,81,82
Northride Charter School,female,group B,some high school,yes,none,57,67,72
Spring Hill Institute,male,group A,bachelor's degree,yes,completed,87,84,87
Sierra School,female,group D,some college,yes,none,63,64,67
Spring Hill Institute,female,group B,some high school,no,completed,59,63,64
Spring Hill Institute,male,group A,bachelor's degree,no,none,62,72,65
Spring Hill Institute,male,group D,high school,yes,none,46,34,36
Westview Institute,male,group C,some college,yes,none,66,59,52
Spring Hill Institute,male,group D,high school,yes,none,89,87,79
Northride Charter School,female,group D,associate's degree,no,completed,42,61,58
Westview Institute,male,group C,some college,yes,completed,93,84,90
Sierra School,female,group E,some high school,yes,completed,80,85,85
Northride Charter School,female,group D,some college,yes,none,98,100,99
Spring Hill Institute,male,group D,master's degree,yes,none,81,81,84
Westview Institute,female,group B,some high school,yes,completed,60,70,74
Northride Charter School,female,group B,associate's degree,no,completed,76,94,87
Spring Hill Institute,male,group C,associate's degree,yes,completed,73,78,72
Westview Institute,female,group C,associate's degree,yes,completed,96,96,99
Spring Hill Institute,female,group C,high school,yes,none,76,76,74
Northride Charter School,male,group E,associate's degree,no,completed,91,73,80
Spring Hill Institute,female,group C,some college,no,none,62,72,70
Westview Institute,male,group D,some high school,no,completed,55,59,59
Westview Institute,female,group B,some high school,no,completed,74,90,88
Northride Charter School,male,group C,high school,yes,none,50,48,42
Hope University,male,group B,some college,yes,none,47,43,41
Sierra School,male,group E,some college,yes,completed,81,74,71
Westview Institute,female,group E,associate's degree,yes,completed,65,75,77
Westview Institute,male,group E,some high school,yes,completed,68,51,57
Spring Hill Institute,female,group D,high school,no,none,73,92,84
Northride Charter School,male,group C,some college,yes,none,53,39,37
Hope University,female,group B,associate's degree,no,completed,68,77,80
Hope University,male,group A,some high school,no,none,55,46,43
Spring Hill Institute,female,group C,some college,yes,completed,87,89,94
Hope University,male,group D,some high school,yes,none,55,47,44
Northride Charter School,female,group E,some college,no,none,53,58,57
Hope University,male,group C,master's degree,yes,none,67,57,59
Sierra School,male,group C,associate's degree,yes,none,92,79,84
Northride Charter School,female,group B,some college,no,completed,53,66,73
Hope University,male,group D,associate's degree,yes,none,81,71,73
Hope University,male,group C,high school,no,none,61,60,55
Westview Institute,male,group D,bachelor's degree,yes,none,80,73,72
Hope University,female,group A,associate's degree,no,none,37,57,56
Hope University,female,group C,high school,yes,none,81,84,82
Spring Hill Institute,female,group C,associate's degree,yes,completed,59,73,72
Northride Charter School,male,group B,some college,no,none,55,55,47
Hope University,male,group D,associate's degree,yes,none,72,79,74
Westview Institute,male,group D,high school,yes,none,69,75,71
Spring Hill Institute,male,group C,some college,yes,none,69,64,68
Westview Institute,female,group C,bachelor's degree,no,none,50,60,59
Hope University,male,group B,some college,yes,completed,87,84,86
Northride Charter School,male,group D,some high school,yes,completed,71,69,68
Sierra School,male,group E,some college,yes,none,68,72,65
Northride Charter School,male,group C,master's degree,no,completed,79,77,75
Westview Institute,female,group C,some high school,yes,completed,77,90,85
Hope University,male,group C,associate's degree,no,none,58,55,53
Hope University,female,group E,associate's degree,yes,none,84,95,92
Sierra School,male,group D,some college,yes,none,55,58,52
Northride Charter School,male,group E,bachelor's degree,no,completed,70,68,72
Northride Charter School,female,group D,some college,no,completed,52,59,65
Sierra School,male,group B,some college,yes,completed,69,77,77
Sierra School,female,group C,high school,no,none,53,72,64
Spring Hill Institute,female,group D,some high school,yes,none,48,58,54
Westview Institute,male,group D,some high school,yes,completed,78,81,86
Northride Charter School,female,group B,high school,yes,none,62,62,63
Hope University,male,group D,some college,yes,none,60,63,59
Sierra School,female,group B,high school,yes,none,74,72,72
Westview Institute,female,group C,high school,yes,completed,58,75,77
Spring Hill Institute,male,group B,high school,yes,completed,76,62,60
Hope University,female,group D,some high school,yes,none,68,71,75
Sierra School,male,group A,some college,no,none,58,60,57
Hope University,male,group B,high school,yes,none,52,48,49
Hope University,male,group D,bachelor's degree,yes,none,75,73,74
Northride Charter School,female,group B,some high school,no,completed,52,67,72
Sierra School,female,group C,bachelor's degree,no,none,62,78,79
Sierra School,male,group B,some college,yes,none,66,65,60
Hope University,female,group B,some high school,no,none,49,58,55
Hope University,female,group B,high school,yes,none,66,72,70
Northride Charter School,female,group C,some college,no,none,35,44,43
Hope University,female,group A,some college,yes,completed,72,79,82
Westview Institute,male,group E,associate's degree,yes,completed,94,85,82
Westview Institute,female,group D,associate's degree,no,none,46,56,57
Spring Hill Institute,female,group B,master's degree,yes,none,77,90,84
Sierra School,female,group B,high school,no,completed,76,85,82
Spring Hill Institute,female,group C,associate's degree,yes,completed,52,59,62
Spring Hill Institute,male,group C,bachelor's degree,yes,completed,91,81,79
Westview Institute,female,group B,some high school,yes,completed,32,51,44
Spring Hill Institute,female,group E,some high school,no,none,72,79,77
Hope University,female,group B,some college,yes,none,19,38,32
Hope University,male,group C,associate's degree,no,none,68,65,61
Sierra School,female,group C,master's degree,no,none,52,65,61
Spring Hill Institute,female,group B,high school,yes,none,48,62,60
Hope University,female,group D,some college,no,none,60,66,70
Hope University,male,group D,high school,no,none,66,74,69
Northride Charter School,male,group E,some high school,yes,completed,89,84,77
Northride Charter School,female,group B,high school,yes,none,42,52,51
Hope University,female,group E,associate's degree,no,completed,57,68,73
Hope University,male,group D,high school,yes,none,70,70,70
Northride Charter School,female,group E,associate's degree,no,none,70,84,81
Hope University,male,group E,some college,yes,none,69,60,54
Sierra School,female,group C,associate's degree,yes,none,52,55,57
Westview Institute,male,group C,some high school,yes,completed,67,73,68
Hope University,male,group C,some high school,yes,completed,76,80,73
Hope University,female,group E,associate's degree,yes,none,87,94,95
Northride Charter School,female,group B,some college,yes,none,82,85,87
Northride Charter School,female,group C,some college,yes,none,73,76,78
Northride Charter School,male,group A,some college,no,none,75,81,74
Spring Hill Institute,female,group D,some college,no,none,64,74,75
Westview Institute,female,group E,high school,no,none,41,45,40
Northride Charter School,male,group C,high school,yes,none,90,75,69
Hope University,male,group B,bachelor's degree,yes,none,59,54,51
Hope University,male,group A,some high school,yes,none,51,31,36
Sierra School,male,group A,high school,no,none,45,47,49
Hope University,female,group C,master's degree,yes,completed,54,64,67
Hope University,male,group E,some high school,yes,completed,87,84,76
Spring Hill Institute,female,group C,high school,yes,none,72,80,83
Hope University,male,group B,some high school,yes,completed,94,86,87
Northride Charter School,female,group A,bachelor's degree,yes,none,45,59,64
Sierra School,male,group D,bachelor's degree,no,completed,61,70,76
Sierra School,female,group B,high school,no,none,60,72,68
Hope University,female,group C,some high school,yes,none,77,91,88
Spring Hill Institute,female,group A,some high school,yes,completed,85,90,92
Westview Institute,female,group D,bachelor's degree,no,none,78,90,93
Westview Institute,male,group E,some college,no,completed,49,52,51
Sierra School,female,group B,high school,no,none,71,87,82
Spring Hill Institute,female,group C,some high school,no,none,48,58,52
Hope University,male,group C,high school,yes,none,62,67,58
Hope University,female,group C,associate's degree,no,completed,56,68,70
Hope University,female,group C,some high school,yes,none,65,69,76
Hope University,female,group D,some high school,no,completed,69,86,81
Spring Hill Institute,male,group B,some high school,yes,none,68,54,53
Westview Institute,female,group A,some college,no,none,61,60,57
Spring Hill Institute,female,group C,bachelor's degree,no,completed,74,86,89
Hope University,male,group A,bachelor's degree,yes,none,64,60,58
Northride Charter School,female,group B,high school,yes,completed,77,82,89
Hope University,male,group B,some college,yes,none,58,50,45
Northride Charter School,female,group C,high school,yes,completed,60,64,74
Westview Institute,male,group E,high school,yes,none,73,64,57
Westview Institute,female,group A,high school,yes,completed,75,82,79
Hope University,male,group B,associate's degree,no,completed,58,57,53
Spring Hill Institute,female,group C,associate's degree,yes,none,66,77,73
Sierra School,female,group D,high school,no,none,39,52,46
Sierra School,male,group C,some high school,yes,none,64,58,51
Hope University,female,group B,high school,no,completed,23,44,36
Hope University,male,group B,some college,no,completed,74,77,76
Hope University,female,group D,some high school,no,completed,40,65,64
Hope University,male,group E,master's degree,yes,none,90,85,84
Spring Hill Institute,male,group C,master's degree,yes,completed,91,85,85
Westview Institute,male,group D,high school,yes,none,64,54,50
Westview Institute,female,group C,high school,yes,none,59,72,68
Hope University,male,group D,associate's degree,yes,none,80,75,69
Northride Charter School,male,group C,master's degree,yes,none,71,67,67
Sierra School,female,group A,high school,yes,none,61,68,63
Westview Institute,female,group E,some college,yes,none,87,85,93
Westview Institute,male,group E,some high school,yes,none,82,67,61
Sierra School,male,group C,some high school,yes,none,62,64,55
Northride Charter School,female,group B,bachelor's degree,yes,none,97,97,96
Westview Institute,male,group B,some college,no,none,75,68,65
Westview Institute,female,group C,bachelor's degree,yes,none,65,79,81
Spring Hill Institute,male,group B,high school,yes,completed,52,49,46
Sierra School,male,group C,associate's degree,no,none,87,73,72
Sierra School,female,group C,associate's degree,yes,none,53,62,53
Sierra School,female,group E,master's degree,no,none,81,86,87
Westview Institute,male,group D,bachelor's degree,no,completed,39,42,38
Sierra School,female,group C,some college,yes,completed,71,71,80
Hope University,male,group C,associate's degree,yes,none,97,93,91
Hope University,male,group D,some college,yes,completed,82,82,88
Hope University,male,group C,high school,no,none,59,53,52
Westview Institute,male,group B,associate's degree,yes,none,61,42,41
Sierra School,male,group E,associate's degree,no,completed,78,74,72
Hope University,male,group C,associate's degree,no,none,49,51,51
Spring Hill Institute,male,group B,high school,yes,none,59,58,47
Sierra School,female,group C,some college,yes,completed,70,72,76
Northride Charter School,male,group B,associate's degree,yes,completed,82,84,78
Sierra School,male,group E,associate's degree,no,none,90,90,82
Hope University,female,group C,bachelor's degree,no,none,43,62,61
Spring Hill Institute,male,group C,some college,no,none,80,64,66
Spring Hill Institute,male,group D,some college,yes,none,81,82,84
Hope University,male,group C,some high school,yes,none,57,61,54
Northride Charter School,female,group D,some high school,yes,none,59,72,80
Hope University,female,group D,associate's degree,yes,none,64,76,74
Northride Charter School,male,group C,bachelor's degree,yes,completed,63,64,66
Hope University,female,group E,bachelor's degree,yes,completed,71,70,70
Spring Hill Institute,female,group B,high school,no,none,64,73,71
Northride Charter School,male,group D,bachelor's degree,no,none,55,46,44
Sierra School,female,group E,associate's degree,yes,none,51,51,54
Hope University,female,group C,associate's degree,yes,completed,62,76,80
Hope University,female,group E,associate's degree,yes,completed,93,100,95
Spring Hill Institute,male,group C,high school,no,none,54,72,59
Sierra School,female,group D,some college,no,none,69,65,74
Westview Institute,male,group D,high school,no,none,44,51,48
Westview Institute,female,group E,some college,yes,completed,86,85,91
Hope University,female,group E,associate's degree,yes,none,85,92,85
Hope University,female,group A,master's degree,no,none,50,67,73
Hope University,male,group D,some high school,yes,completed,88,74,75
Westview Institute,female,group E,associate's degree,yes,none,59,62,69
Sierra School,female,group E,some high school,no,none,32,34,38
Spring Hill Institute,male,group B,high school,no,none,36,29,27
Hope University,female,group B,some high school,no,completed,63,78,79
Hope University,male,group D,associate's degree,yes,completed,67,54,63
Westview Institute,female,group D,some high school,yes,completed,65,78,82
Spring Hill Institute,male,group D,master's degree,yes,none,85,84,89
Hope University,female,group C,master's degree,yes,none,73,78,74
Hope University,female,group A,high school,no,completed,34,48,41
Hope University,female,group D,bachelor's degree,no,completed,93,100,100
Hope University,female,group D,some high school,no,none,67,84,84
Northride Charter School,male,group D,some college,yes,none,88,77,77
Sierra School,male,group B,high school,yes,none,57,48,51
Hope University,female,group D,some college,yes,completed,79,84,91
Hope University,female,group C,bachelor's degree,no,none,67,75,72
Spring Hill Institute,male,group E,bachelor's degree,yes,completed,70,64,70
Westview Institute,male,group D,bachelor's degree,no,none,50,42,48
Hope University,female,group A,some college,yes,none,69,84,82
Spring Hill Institute,female,group C,bachelor's degree,yes,completed,52,61,66
Westview Institute,female,group C,bachelor's degree,no,completed,47,62,66
Spring Hill Institute,female,group B,associate's degree,no,none,46,61,55
Hope University,female,group E,some college,yes,none,68,70,66
Sierra School,male,group E,bachelor's degree,yes,completed,100,100,100
Westview Institute,female,group C,high school,yes,none,44,61,52
Northride Charter School,female,group C,associate's degree,yes,completed,57,77,80
Hope University,male,group B,some college,yes,completed,91,96,91
Hope University,male,group D,high school,no,none,69,70,67
Westview Institute,female,group C,high school,no,none,35,53,46
Hope University,male,group D,high school,yes,none,72,66,66
Northride Charter School,female,group B,associate's degree,no,none,54,65,65
Westview Institute,male,group D,high school,no,none,74,70,69
Westview Institute,male,group E,some high school,yes,completed,74,64,60
Sierra School,male,group E,associate's degree,no,none,64,56,52
Northride Charter School,female,group D,high school,no,completed,65,61,71
Northride Charter School,male,group E,associate's degree,no,completed,46,43,44
Spring Hill Institute,female,group C,some high school,no,none,48,56,51
Northride Charter School,male,group C,some college,no,completed,67,74,70
Hope University,male,group D,some college,no,none,62,57,62
Spring Hill Institute,male,group D,associate's degree,no,completed,61,71,73
Hope University,male,group C,bachelor's degree,no,completed,70,75,74
Hope University,male,group C,associate's degree,yes,completed,98,87,90
Spring Hill Institute,male,group D,some college,no,none,70,63,58
Hope University,male,group A,associate's degree,yes,none,67,57,53
Sierra School,female,group E,high school,no,none,57,58,57
Westview Institute,male,group D,some college,yes,completed,85,81,85
Hope University,male,group D,some high school,yes,completed,77,68,69
Hope University,male,group C,master's degree,no,completed,72,66,72
Spring Hill Institute,female,group D,master's degree,yes,none,78,91,96
Northride Charter School,male,group C,high school,yes,none,81,66,64
Hope University,male,group A,some high school,no,completed,61,62,61
Sierra School,female,group B,high school,yes,none,58,68,61
Hope University,female,group C,associate's degree,yes,none,54,61,58
Northride Charter School,male,group B,high school,yes,none,82,82,80
Sierra School,female,group D,some college,no,none,49,58,60
Sierra School,male,group B,some high school,no,completed,49,50,52
Hope University,female,group E,high school,no,completed,57,75,73
Spring Hill Institute,male,group E,high school,yes,none,94,73,71
Spring Hill Institute,female,group D,some college,yes,completed,75,77,83
Sierra School,female,group E,some high school,no,none,74,74,72
Hope University,male,group C,high school,yes,completed,58,52,54
Spring Hill Institute,female,group C,some college,yes,none,62,69,69
Northride Charter School,male,group E,associate's degree,yes,none,72,57,62
Spring Hill Institute,male,group C,some college,yes,none,84,87,81
Spring Hill Institute,female,group D,master's degree,yes,none,92,100,100
Westview Institute,female,group D,high school,yes,none,45,63,59
Hope University,male,group C,high school,yes,none,75,81,71
Westview Institute,female,group A,some college,yes,none,56,58,64
Spring Hill Institute,female,group D,some high school,no,none,48,54,53
Spring Hill Institute,female,group E,associate's degree,yes,none,100,100,100
Northride Charter School,female,group C,some high school,no,completed,65,76,75
Hope University,male,group D,some college,yes,none,72,57,58
Hope University,female,group D,some college,yes,none,62,70,72
Westview Institute,male,group A,some high school,yes,completed,66,68,64
Westview Institute,male,group C,some college,yes,none,63,63,60
Sierra School,female,group E,associate's degree,yes,none,68,76,67
Hope University,female,group B,bachelor's degree,yes,none,75,84,80
Sierra School,female,group D,bachelor's degree,yes,none,89,100,100
Westview Institute,male,group C,some high school,yes,completed,78,72,69
Northride Charter School,female,group A,high school,no,completed,53,50,60
Hope University,female,group D,some college,no,none,49,65,61
Spring Hill Institute,female,group A,some college,yes,none,54,63,67
Westview Institute,female,group C,some college,yes,completed,64,82,77
Sierra School,male,group B,some college,no,completed,60,62,60
Hope University,male,group C,associate's degree,yes,none,62,65,58
Westview Institute,male,group D,high school,yes,completed,55,41,48
Hope University,female,group C,associate's degree,yes,none,91,95,94
Hope University,female,group B,high school,no,none,8,24,23
Northride Charter School,male,group D,some high school,yes,none,81,78,78
Hope University,male,group B,some high school,yes,completed,79,85,86
Sierra School,female,group A,some college,yes,completed,78,87,91
Hope University,female,group C,some high school,yes,none,74,75,82
Hope University,male,group A,high school,yes,none,57,51,54
Spring Hill Institute,female,group C,associate's degree,yes,none,40,59,51
Westview Institute,male,group E,some high school,yes,completed,81,75,76
Westview Institute,female,group A,some high school,no,none,44,45,45
Hope University,female,group D,some college,no,completed,67,86,83
Hope University,male,group E,high school,no,completed,86,81,75
Westview Institute,female,group B,some high school,yes,completed,65,82,78
Hope University,female,group D,associate's degree,no,none,55,76,76
Hope University,female,group D,bachelor's degree,no,none,62,72,74
Spring Hill Institute,male,group A,high school,yes,none,63,63,62
Hope University,female,group E,master's degree,yes,completed,88,99,95
Hope University,male,group C,high school,no,none,62,55,55
Hope University,female,group C,high school,no,completed,59,71,65
Sierra School,female,group D,some college,yes,completed,68,78,77
Hope University,female,group D,some college,no,none,77,86,86